"Grupo de edad (años)","Total","1","2","3","4","5","6","7","8","9","10","11","12","13","14","15","SEXO","AÑO"
"Total","1,426,582","123,030","66,915","90,417","113,113","85,451","83,865","112,134","106,508","81,816","79,581","89,555","99,162","107,341","102,439","85,255","Hombre","2015"
"0-4","108,023","8,902","3,819","6,405","10,301","5,797","5,806","9,568","11,768","6,465","5,743","6,041","7,305","7,635","6,518","5,950","Hombre","2015"
"5-9","105,680","7,939","3,568","6,198","10,183","5,868","5,545","9,274","11,335","6,865","6,192","6,603","7,002","6,956","5,957","6,195","Hombre","2015"
"10-14","99,209","7,592","3,347","5,858","10,054","5,384","4,955","8,764","10,616","6,658","5,488","6,390","6,402","6,446","5,523","5,732","Hombre","2015"
"15-19","94,542","7,654","4,005","5,626","8,996","5,262","4,770","8,086","9,369","5,845","5,426","5,779","6,079","6,237","5,819","5,589","Hombre","2015"
"20-24","101,659","10,469","6,368","7,184","8,367","5,870","5,090","7,990","8,476","5,317","5,054","5,492","5,966","6,584","7,763","5,669","Hombre","2015"
"25-29","114,348","11,934","6,728","8,179","8,662","7,213","6,351","8,458","8,361","5,591","5,547","6,313","7,186","7,993","9,180","6,652","Hombre","2015"
"30-34","115,593","10,983","5,435","7,938","8,377","7,531","7,122","8,353","7,532","5,853","5,862","6,763","8,490","8,933","9,079","7,342","Hombre","2015"
"35-39","113,058","10,054","4,707","7,374","8,454","7,056","7,151","8,551","7,489","6,226","6,079","7,081","8,376","9,146","8,326","6,988","Hombre","2015"
"40-44","100,781","8,787","4,041","6,640","7,923","6,265","6,098","7,566","6,853","5,874","5,517","6,480","7,190","7,921","7,448","6,178","Hombre","2015"
"45-49","82,119","7,084","3,509","5,244","5,986","5,045","5,107","6,182","5,131","4,641","4,868","5,585","6,075","6,489","5,927","5,246","Hombre","2015"
"50-54","75,390","6,640","3,396","4,590","5,384","4,713","4,895","5,699","4,322","4,328","4,651","5,312","5,612","5,836","5,420","4,592","Hombre","2015"
"55-59","72,336","6,113","3,615","4,601","5,173","4,441","4,784","5,446","3,809","4,155","4,405","4,888","5,224","5,658","5,519","4,505","Hombre","2015"
"60-64","64,734","5,313","3,625","3,840","4,193","3,961","4,301","4,818","3,131","3,744","3,992","4,426","4,817","5,485","5,107","3,981","Hombre","2015"
"65-69","56,648","4,552","3,425","3,340","3,564","3,427","3,717","4,182","2,759","3,204","3,258","3,924","4,285","4,953","4,753","3,305","Hombre","2015"
"70-74","45,576","3,428","2,678","2,706","2,971","2,786","2,915","3,415","2,313","2,650","2,797","3,045","3,384","4,016","3,761","2,711","Hombre","2015"
"75-79","33,294","2,343","1,916","1,987","2,145","2,076","2,238","2,521","1,650","1,989","2,073","2,335","2,504","2,875","2,609","2,033","Hombre","2015"
"80 y más","43,592","3,243","2,733","2,707","2,380","2,756","3,020","3,261","1,594","2,411","2,629","3,098","3,265","4,178","3,730","2,587","Hombre","2015"
"Total","1,627,685","127,740","83,070","101,958","124,656","101,061","100,498","127,463","118,262","88,271","90,456","100,370","114,056","128,325","124,382","97,117","Mujer","2015"
"0-4","101,860","8,134","3,384","5,760","9,648","5,434","5,586","8,883","11,594","6,057","5,493","5,728","7,046","7,019","6,372","5,722","Mujer","2015"
"5-9","99,937","7,451","3,282","5,594","9,830","5,355","5,399","8,916","11,199","6,284","5,688","6,275","6,796","6,530","5,670","5,668","Mujer","2015"
"10-14","95,386","7,186","3,139","5,430","9,692","5,183","4,811","8,551","10,650","6,004","5,671","5,810","6,201","6,016","5,410","5,632","Mujer","2015"
"15-19","93,774","7,367","4,449","5,527","9,007","5,145","4,765","7,937","9,782","5,672","5,179","5,561","5,866","5,990","6,262","5,265","Mujer","2015"
"20-24","104,551","9,921","7,723","7,361","8,314","6,011","5,361","8,170","8,944","5,064","5,112","5,160","5,871","6,994","8,907","5,638","Mujer","2015"
"25-29","120,145","11,558","7,759","8,257","8,858","7,733","7,008","8,759","8,497","5,537","5,637","6,171","7,721","9,168","10,519","6,963","Mujer","2015"
"30-34","121,628","9,988","6,073","7,745","9,066","8,077","7,889","8,981","8,041","5,785","6,100","6,912","9,137","10,172","10,006","7,656","Mujer","2015"
"35-39","119,149","9,555","5,112","7,615","8,828","7,798","7,840","8,792","8,069","6,219","6,373","7,272","8,972","10,138","9,244","7,322","Mujer","2015"
"40-44","109,121","8,583","4,761","6,850","8,298","6,867","6,895","8,414","7,476","5,966","6,112","7,100","7,761","8,875","8,371","6,792","Mujer","2015"
"45-49","92,461","7,149","4,301","5,870","6,816","5,809","5,913","7,104","5,893","5,054","5,444","6,062","6,744","7,401","6,974","5,927","Mujer","2015"
"50-54","88,576","6,729","4,442","5,505","6,311","5,714","5,990","6,921","4,943","4,669","5,296","5,868","6,566","7,307","6,816","5,499","Mujer","2015"
"55-59","89,797","6,735","4,940","5,676","6,057","5,938","6,042","6,731","4,686","4,724","5,330","6,011","6,466","7,655","7,308","5,498","Mujer","2015"
"60-64","85,013","6,225","4,983","5,401","5,393","5,599","5,816","6,234","4,386","4,391","4,788","5,593","6,271","7,598","7,160","5,175","Mujer","2015"
"65-69","79,293","5,708","4,768","5,053","5,056","5,256","5,313","5,733","4,014","4,301","4,476","5,152","5,776","7,214","6,764","4,709","Mujer","2015"
"70-74","69,286","4,752","4,186","4,374","4,338","4,534","4,747","5,102","3,555","3,848","4,123","4,633","5,140","5,993","5,806","4,155","Mujer","2015"
"75-79","57,281","3,859","3,184","3,656","3,517","3,674","3,802","4,357","2,795","3,366","3,547","3,963","4,349","5,074","4,659","3,479","Mujer","2015"
"80 y más","100,427","6,840","6,584","6,284","5,627","6,934","7,321","7,878","3,738","5,330","6,087","7,099","7,373","9,181","8,134","6,017","Mujer","2015"
"Total","1,430,531","124,045","66,870","90,614","113,518","85,640","84,068","112,527","107,199","82,045","79,688","89,599","99,433","107,484","102,515","85,286","Hombre","2016"
"0-4","107,662","8,925","3,795","6,380","10,275","5,772","5,780","9,542","11,780","6,440","5,711","6,001","7,274","7,592","6,482","5,913","Hombre","2016"
"5-9","105,089","7,941","3,538","6,161","10,136","5,830","5,508","9,228","11,322","6,823","6,145","6,545","6,957","6,901","5,911","6,143","Hombre","2016"
"10-14","100,984","7,774","3,399","5,960","10,244","5,475","5,039","8,926","10,854","6,773","5,574","6,483","6,511","6,546","5,609","5,817","Hombre","2016"
"15-19","93,832","7,642","3,964","5,582","8,937","5,219","4,729","8,029","9,341","5,798","5,374","5,717","6,029","6,176","5,763","5,532","Hombre","2016"
"20-24","100,772","10,440","6,294","7,118","8,302","5,815","5,040","7,926","8,440","5,267","4,999","5,427","5,910","6,512","7,678","5,604","Hombre","2016"
"25-29","111,917","11,751","6,567","8,002","8,487","7,055","6,211","8,284","8,221","5,470","5,418","6,160","7,029","7,806","8,966","6,490","Hombre","2016"
"30-34","115,724","11,063","5,427","7,944","8,396","7,535","7,124","8,370","7,576","5,858","5,858","6,751","8,495","8,925","9,071","7,331","Hombre","2016"
"35-39","113,211","10,130","4,701","7,383","8,475","7,062","7,155","8,570","7,534","6,233","6,076","7,069","8,383","9,140","8,321","6,979","Hombre","2016"
"40-44","103,127","9,047","4,125","6,792","8,117","6,407","6,234","7,749","7,046","6,009","5,635","6,612","7,353","8,090","7,606","6,305","Hombre","2016"
"45-49","84,506","7,335","3,602","5,395","6,167","5,189","5,252","6,368","5,306","4,774","5,001","5,731","6,248","6,665","6,088","5,385","Hombre","2016"
"50-54","75,444","6,685","3,389","4,593","5,394","4,714","4,895","5,709","4,346","4,331","4,646","5,301","5,614","5,829","5,414","4,584","Hombre","2016"
"55-59","72,268","6,146","3,602","4,596","5,175","4,435","4,777","5,447","3,824","4,150","4,393","4,870","5,217","5,643","5,504","4,489","Hombre","2016"
"60-64","65,192","5,385","3,641","3,867","4,228","3,987","4,329","4,858","3,168","3,770","4,013","4,445","4,851","5,514","5,136","4,000","Hombre","2016"
"65-69","57,050","4,613","3,441","3,364","3,594","3,450","3,741","4,217","2,792","3,226","3,276","3,941","4,315","4,980","4,779","3,321","Hombre","2016"
"70-74","46,250","3,501","2,711","2,746","3,021","2,826","2,956","3,469","2,359","2,689","2,834","3,082","3,433","4,068","3,810","2,745","Hombre","2016"
"75-79","33,785","2,393","1,939","2,016","2,179","2,106","2,270","2,561","1,683","2,018","2,101","2,365","2,540","2,913","2,643","2,058","Hombre","2016"
"80 y más","43,718","3,274","2,735","2,715","2,391","2,763","3,028","3,274","1,607","2,416","2,634","3,099","3,274","4,184","3,734","2,590","Hombre","2016"
"Total","1,628,591","128,008","82,978","101,959","124,785","101,100","100,543","127,589","118,538","88,308","90,475","100,357","114,143","128,335","124,369","97,104","Mujer","2016"
"0-4","101,512","8,123","3,370","5,737","9,621","5,413","5,563","8,855","11,583","6,032","5,468","5,700","7,019","6,987","6,346","5,695","Mujer","2016"
"5-9","99,256","7,418","3,257","5,554","9,769","5,316","5,358","8,858","11,150","6,237","5,643","6,222","6,747","6,478","5,627","5,622","Mujer","2016"
"10-14","96,783","7,307","3,182","5,508","9,840","5,256","4,877","8,679","10,833","6,087","5,748","5,886","6,289","6,097","5,486","5,708","Mujer","2016"
"15-19","92,599","7,290","4,390","5,455","8,899","5,078","4,702","7,840","9,683","5,598","5,109","5,483","5,790","5,909","6,180","5,193","Mujer","2016"
"20-24","103,211","9,814","7,618","7,263","8,214","5,931","5,288","8,069","8,852","4,996","5,041","5,087","5,793","6,897","8,788","5,560","Mujer","2016"
"25-29","117,460","11,324","7,580","8,069","8,666","7,557","6,847","8,567","8,329","5,410","5,506","6,024","7,548","8,954","10,279","6,800","Mujer","2016"
"30-34","121,721","10,018","6,073","7,748","9,080","8,081","7,891","8,991","8,069","5,787","6,099","6,907","9,141","10,171","10,009","7,656","Mujer","2016"
"35-39","119,198","9,580","5,110","7,615","8,839","7,799","7,840","8,800","8,094","6,219","6,371","7,265","8,973","10,133","9,243","7,317","Mujer","2016"
"40-44","111,175","8,766","4,847","6,976","8,461","6,994","7,021","8,576","7,637","6,075","6,222","7,223","7,905","9,034","8,526","6,912","Mujer","2016"
"45-49","94,727","7,339","4,404","6,012","6,989","5,950","6,055","7,282","6,054","5,175","5,573","6,203","6,908","7,575","7,142","6,066","Mujer","2016"
"50-54","88,106","6,709","4,415","5,474","6,283","5,682","5,955","6,889","4,930","4,642","5,263","5,831","6,529","7,262","6,777","5,465","Mujer","2016"
"55-59","89,280","6,712","4,909","5,642","6,028","5,902","6,004","6,696","4,672","4,695","5,295","5,968","6,428","7,604","7,264","5,461","Mujer","2016"
"60-64","85,347","6,264","5,000","5,421","5,419","5,620","5,836","6,262","4,415","4,407","4,803","5,607","6,295","7,622","7,186","5,190","Mujer","2016"
"65-69","79,694","5,751","4,787","5,077","5,086","5,282","5,338","5,765","4,045","4,321","4,495","5,172","5,804","7,246","6,796","4,729","Mujer","2016"
"70-74","70,201","4,826","4,239","4,431","4,400","4,593","4,808","5,171","3,612","3,897","4,174","4,688","5,207","6,068","5,881","4,206","Mujer","2016"
"75-79","57,941","3,913","3,219","3,697","3,561","3,716","3,845","4,410","2,835","3,404","3,585","4,004","4,398","5,128","4,711","3,515","Mujer","2016"
"80 y más","100,380","6,854","6,578","6,280","5,630","6,930","7,315","7,879","3,745","5,326","6,080","7,087","7,369","9,170","8,128","6,009","Mujer","2016"
"Total","1,434,323","125,021","66,825","90,802","113,908","85,822","84,263","112,905","107,863","82,265","79,790","89,641","99,692","107,621","102,588","85,317","Hombre","2017"
"0-4","107,161","8,933","3,767","6,347","10,236","5,741","5,747","9,503","11,776","6,405","5,672","5,954","7,234","7,539","6,438","5,869","Hombre","2017"
"5-9","104,598","7,950","3,512","6,129","10,098","5,798","5,476","9,190","11,318","6,787","6,103","6,496","6,919","6,854","5,871","6,097","Hombre","2017"
"10-14","102,495","7,935","3,439","6,046","10,406","5,553","5,108","9,065","11,065","6,870","5,646","6,560","6,603","6,630","5,681","5,888","Hombre","2017"
"15-19","93,562","7,664","3,942","5,563","8,920","5,200","4,710","8,013","9,355","5,778","5,347","5,683","6,007","6,145","5,735","5,500","Hombre","2017"
"20-24","99,750","10,393","6,214","7,043","8,226","5,751","4,984","7,850","8,391","5,211","4,938","5,356","5,845","6,432","7,585","5,531","Hombre","2017"
"25-29","109,196","11,533","6,390","7,804","8,289","6,878","6,054","8,088","8,057","5,334","5,275","5,992","6,853","7,601","8,731","6,317","Hombre","2017"
"30-34","116,112","11,166","5,431","7,970","8,434","7,556","7,142","8,405","7,636","5,875","5,866","6,754","8,519","8,937","9,084","7,337","Hombre","2017"
"35-39","112,904","10,162","4,677","7,362","8,462","7,039","7,130","8,554","7,549","6,213","6,048","7,030","8,355","9,098","8,283","6,942","Hombre","2017"
"40-44","105,082","9,274","4,192","6,921","8,281","6,525","6,347","7,902","7,212","6,121","5,731","6,717","7,488","8,227","7,736","6,408","Hombre","2017"
"45-49","87,512","7,644","3,721","5,586","6,394","5,371","5,435","6,600","5,520","4,943","5,169","5,918","6,467","6,889","6,293","5,562","Hombre","2017"
"50-54","75,645","6,743","3,390","4,605","5,415","4,724","4,905","5,730","4,378","4,341","4,650","5,300","5,626","5,834","5,419","4,585","Hombre","2017"
"55-59","72,005","6,161","3,581","4,579","5,163","4,417","4,756","5,432","3,828","4,135","4,370","4,839","5,195","5,612","5,475","4,462","Hombre","2017"
"60-64","65,761","5,465","3,665","3,901","4,271","4,021","4,364","4,906","3,211","3,803","4,042","4,472","4,892","5,552","5,171","4,025","Hombre","2017"
"65-69","57,354","4,667","3,450","3,382","3,618","3,468","3,759","4,244","2,821","3,243","3,288","3,952","4,336","4,998","4,797","3,331","Hombre","2017"
"70-74","46,928","3,575","2,745","2,786","3,070","2,865","2,998","3,524","2,405","2,728","2,871","3,118","3,483","4,121","3,860","2,779","Hombre","2017"
"75-79","34,344","2,447","1,967","2,050","2,219","2,140","2,307","2,607","1,719","2,051","2,132","2,396","2,582","2,956","2,683","2,088","Hombre","2017"
"80 y más","43,914","3,309","2,742","2,728","2,406","2,775","3,041","3,292","1,622","2,427","2,642","3,104","3,288","4,196","3,746","2,596","Hombre","2017"
"Total","1,629,405","128,250","82,895","101,961","124,901","101,134","100,583","127,702","118,786","88,340","90,492","100,345","114,222","128,346","124,356","97,092","Mujer","2017"
"0-4","101,033","8,101","3,352","5,708","9,580","5,385","5,533","8,815","11,555","5,999","5,436","5,664","6,982","6,948","6,313","5,662","Mujer","2017"
"5-9","98,716","7,392","3,237","5,522","9,722","5,285","5,325","8,812","11,115","6,198","5,606","6,179","6,707","6,437","5,594","5,585","Mujer","2017"
"10-14","97,972","7,412","3,218","5,573","9,967","5,319","4,934","8,788","10,991","6,158","5,812","5,949","6,364","6,166","5,550","5,771","Mujer","2017"
"15-19","91,854","7,246","4,352","5,409","8,833","5,035","4,661","7,779","9,628","5,549","5,063","5,431","5,740","5,856","6,127","5,145","Mujer","2017"
"20-24","101,733","9,694","7,504","7,156","8,101","5,844","5,210","7,955","8,746","4,921","4,964","5,006","5,708","6,792","8,658","5,474","Mujer","2017"
"25-29","114,365","11,050","7,376","7,854","8,444","7,356","6,663","8,344","8,129","5,264","5,355","5,857","7,346","8,710","10,004","6,613","Mujer","2017"
"30-34","122,088","10,070","6,088","7,769","9,114","8,103","7,910","9,023","8,113","5,801","6,112","6,919","9,166","10,193","10,036","7,671","Mujer","2017"
"35-39","118,864","9,575","5,094","7,592","8,821","7,775","7,813","8,778","8,091","6,197","6,347","7,235","8,946","10,096","9,214","7,290","Mujer","2017"
"40-44","112,809","8,915","4,916","7,077","8,592","7,095","7,120","8,706","7,769","6,161","6,307","7,319","8,018","9,159","8,648","7,007","Mujer","2017"
"45-49","97,628","7,581","4,537","6,195","7,209","6,130","6,237","7,508","6,255","5,331","5,738","6,384","7,117","7,801","7,359","6,246","Mujer","2017"
"50-54","87,851","6,705","4,400","5,457","6,270","5,665","5,935","6,872","4,928","4,627","5,243","5,805","6,509","7,235","6,756","5,444","Mujer","2017"
"55-59","88,481","6,667","4,863","5,590","5,979","5,848","5,948","6,639","4,643","4,651","5,244","5,907","6,368","7,530","7,197","5,407","Mujer","2017"
"60-64","85,774","6,310","5,023","5,447","5,451","5,647","5,862","6,296","4,449","4,428","4,823","5,628","6,325","7,654","7,220","5,211","Mujer","2017"
"65-69","79,929","5,781","4,799","5,092","5,105","5,296","5,351","5,785","4,068","4,332","4,505","5,181","5,820","7,261","6,815","4,738","Mujer","2017"
"70-74","71,114","4,900","4,293","4,488","4,461","4,651","4,868","5,242","3,668","3,946","4,226","4,743","5,273","6,142","5,956","4,257","Mujer","2017"
"75-79","58,700","3,973","3,260","3,745","3,610","3,764","3,893","4,470","2,879","3,447","3,629","4,051","4,457","5,192","4,772","3,558","Mujer","2017"
"80 y más","100,494","6,878","6,583","6,287","5,642","6,936","7,320","7,890","3,759","5,330","6,082","7,087","7,376","9,174","8,137","6,013","Mujer","2017"
"Total","1,437,936","125,950","66,783","90,982","114,278","85,995","84,450","113,265","108,496","82,474","79,887","89,682","99,940","107,752","102,657","85,345","Hombre","2018"
"0-4","106,543","8,930","3,735","6,308","10,184","5,703","5,707","9,453","11,757","6,364","5,627","5,902","7,186","7,480","6,388","5,819","Hombre","2018"
"5-9","104,260","7,967","3,491","6,107","10,075","5,775","5,453","9,166","11,330","6,761","6,070","6,454","6,891","6,818","5,841","6,061","Hombre","2018"
"10-14","103,042","8,021","3,447","6,076","10,472","5,578","5,131","9,119","11,171","6,903","5,663","6,574","6,633","6,651","5,700","5,903","Hombre","2018"
"15-19","94,342","7,770","3,964","5,608","9,003","5,239","4,745","8,084","9,473","5,824","5,380","5,714","6,052","6,183","5,771","5,532","Hombre","2018"
"20-24","98,589","10,328","6,125","6,959","8,138","5,680","4,921","7,764","8,329","5,147","4,870","5,277","5,773","6,344","7,482","5,452","Hombre","2018"
"25-29","106,619","11,322","6,223","7,618","8,102","6,711","5,905","7,903","7,901","5,206","5,141","5,834","6,686","7,406","8,509","6,152","Hombre","2018"
"30-34","116,251","11,242","5,424","7,978","8,454","7,560","7,145","8,422","7,680","5,880","5,862","6,743","8,524","8,931","9,079","7,327","Hombre","2018"
"35-39","112,354","10,170","4,643","7,325","8,431","7,001","7,090","8,519","7,546","6,181","6,007","6,976","8,310","9,036","8,228","6,891","Hombre","2018"
"40-44","106,598","9,461","4,242","7,019","8,410","6,615","6,434","8,023","7,349","6,207","5,803","6,795","7,592","8,330","7,834","6,484","Hombre","2018"
"45-49","90,836","7,978","3,853","5,798","6,646","5,572","5,637","6,857","5,756","5,129","5,355","6,126","6,710","7,138","6,521","5,760","Hombre","2018"
"50-54","76,151","6,828","3,405","4,635","5,459","4,753","4,934","5,772","4,428","4,369","4,673","5,321","5,661","5,862","5,446","4,605","Hombre","2018"
"55-59","71,665","6,168","3,556","4,557","5,145","4,394","4,731","5,412","3,827","4,114","4,342","4,803","5,169","5,576","5,440","4,431","Hombre","2018"
"60-64","66,342","5,546","3,689","3,937","4,315","4,055","4,400","4,954","3,255","3,836","4,070","4,500","4,933","5,592","5,208","4,052","Hombre","2018"
"65-69","57,610","4,715","3,459","3,399","3,640","3,482","3,773","4,267","2,847","3,257","3,297","3,959","4,354","5,012","4,811","3,338","Hombre","2018"
"70-74","47,577","3,646","2,776","2,825","3,117","2,906","3,038","3,576","2,450","2,765","2,906","3,153","3,530","4,171","3,907","2,811","Hombre","2018"
"75-79","34,952","2,506","1,997","2,086","2,261","2,178","2,346","2,656","1,757","2,088","2,166","2,433","2,627","3,004","2,727","2,120","Hombre","2018"
"80 y más","44,205","3,352","2,754","2,747","2,426","2,793","3,060","3,318","1,640","2,443","2,655","3,118","3,309","4,218","3,765","2,607","Hombre","2018"
"Total","1,630,107","128,458","82,824","101,963","125,001","101,164","100,617","127,800","118,999","88,368","90,507","100,334","114,289","128,355","124,346","97,082","Mujer","2018"
"0-4","100,444","8,069","3,330","5,673","9,530","5,351","5,496","8,765","11,512","5,960","5,399","5,623","6,938","6,900","6,275","5,623","Mujer","2018"
"5-9","98,377","7,379","3,224","5,501","9,694","5,265","5,303","8,783","11,101","6,173","5,581","6,149","6,681","6,409","5,573","5,561","Mujer","2018"
"10-14","98,279","7,449","3,227","5,588","10,003","5,333","4,946","8,817","11,050","6,173","5,825","5,959","6,381","6,180","5,565","5,783","Mujer","2018"
"15-19","92,118","7,281","4,362","5,423","8,864","5,048","4,671","7,803","9,677","5,561","5,072","5,438","5,754","5,867","6,142","5,155","Mujer","2018"
"20-24","100,120","9,559","7,381","7,041","7,977","5,749","5,123","7,831","8,626","4,840","4,880","4,920","5,615","6,678","8,518","5,382","Mujer","2018"
"25-29","111,328","10,778","7,177","7,643","8,225","7,158","6,481","8,124","7,931","5,121","5,208","5,693","7,149","8,472","9,736","6,432","Mujer","2018"
"30-34","122,194","10,100","6,091","7,775","9,129","8,108","7,912","9,033","8,138","5,803","6,112","6,915","9,171","10,194","10,042","7,671","Mujer","2018"
"35-39","118,330","9,551","5,066","7,557","8,788","7,738","7,774","8,742","8,074","6,166","6,313","7,193","8,903","10,043","9,171","7,251","Mujer","2018"
"40-44","114,001","9,027","4,966","7,151","8,689","7,166","7,192","8,801","7,869","6,223","6,368","7,387","8,101","9,249","8,737","7,075","Mujer","2018"
"45-49","100,838","7,846","4,684","6,397","7,452","6,331","6,439","7,757","6,476","5,503","5,922","6,585","7,349","8,052","7,599","6,446","Mujer","2018"
"50-54","87,990","6,730","4,406","5,465","6,285","5,673","5,942","6,885","4,948","4,632","5,247","5,807","6,516","7,242","6,765","5,447","Mujer","2018"
"55-59","87,545","6,610","4,810","5,531","5,920","5,786","5,882","6,571","4,604","4,600","5,184","5,837","6,299","7,445","7,120","5,346","Mujer","2018"
"60-64","86,172","6,353","5,044","5,472","5,480","5,672","5,887","6,328","4,480","4,446","4,842","5,647","6,353","7,685","7,252","5,231","Mujer","2018"
"65-69","80,077","5,804","4,807","5,101","5,119","5,305","5,359","5,798","4,085","4,337","4,510","5,184","5,830","7,269","6,826","4,743","Mujer","2018"
"70-74","71,969","4,970","4,343","4,542","4,518","4,707","4,925","5,307","3,721","3,992","4,271","4,794","5,335","6,212","6,027","4,305","Mujer","2018"
"75-79","59,528","4,038","3,305","3,797","3,664","3,817","3,946","4,535","2,927","3,494","3,677","4,104","4,517","5,262","4,839","3,606","Mujer","2018"
"80 y más","100,797","6,914","6,601","6,306","5,664","6,957","7,339","7,920","3,780","5,344","6,096","7,099","7,397","9,196","8,159","6,025","Mujer","2018"
"Total","1,441,350","126,828","66,744","91,151","114,629","86,159","84,626","113,605","109,093","82,671","79,979","89,720","100,174","107,876","102,723","85,372","Hombre","2019"
"0-4","105,824","8,913","3,699","6,263","10,127","5,660","5,663","9,393","11,724","6,318","5,577","5,844","7,132","7,414","6,332","5,765","Hombre","2019"
"5-9","104,073","7,993","3,474","6,095","10,066","5,760","5,438","9,154","11,356","6,746","6,047","6,424","6,874","6,792","5,819","6,035","Hombre","2019"
"10-14","102,793","8,042","3,430","6,060","10,456","5,560","5,113","9,101","11,189","6,882","5,638","6,539","6,612","6,622","5,675","5,874","Hombre","2019"
"15-19","95,868","7,936","4,017","5,697","9,158","5,320","4,817","8,220","9,666","5,914","5,456","5,789","6,146","6,271","5,854","5,607","Hombre","2019"
"20-24","97,401","10,256","6,034","6,873","8,048","5,607","4,857","7,674","8,263","5,083","4,801","5,199","5,699","6,256","7,378","5,373","Hombre","2019"
"25-29","104,740","11,180","6,097","7,483","7,967","6,589","5,796","7,768","7,794","5,112","5,040","5,715","6,564","7,262","8,344","6,029","Hombre","2019"
"30-34","115,461","11,225","5,374","7,923","8,406","7,506","7,091","8,371","7,660","5,838","5,810","6,679","8,461","8,855","9,002","7,260","Hombre","2019"
"35-39","111,850","10,178","4,610","7,292","8,403","6,966","7,052","8,487","7,544","6,152","5,968","6,926","8,269","8,980","8,178","6,845","Hombre","2019"
"40-44","107,667","9,606","4,274","7,089","8,504","6,678","6,494","8,109","7,455","6,267","5,850","6,845","7,664","8,399","7,899","6,534","Hombre","2019"
"45-49","94,051","8,304","3,979","6,003","6,890","5,767","5,833","7,106","5,985","5,309","5,535","6,327","6,944","7,378","6,741","5,950","Hombre","2019"
"50-54","77,175","6,957","3,442","4,698","5,539","4,815","4,997","5,855","4,507","4,426","4,727","5,378","5,736","5,931","5,511","4,656","Hombre","2019"
"55-59","71,396","6,178","3,534","4,539","5,133","4,376","4,710","5,397","3,830","4,098","4,318","4,773","5,148","5,546","5,411","4,405","Hombre","2019"
"60-64","66,791","5,616","3,705","3,963","4,350","4,081","4,427","4,992","3,292","3,862","4,091","4,519","4,965","5,621","5,236","4,071","Hombre","2019"
"65-69","57,902","4,765","3,469","3,415","3,663","3,499","3,791","4,293","2,874","3,274","3,308","3,970","4,375","5,029","4,828","3,349","Hombre","2019"
"70-74","48,174","3,712","2,805","2,861","3,162","2,941","3,074","3,625","2,492","2,800","2,937","3,185","3,573","4,217","3,950","2,840","Hombre","2019"
"75-79","35,577","2,565","2,028","2,124","2,305","2,216","2,387","2,708","1,798","2,125","2,201","2,470","2,673","3,053","2,771","2,153","Hombre","2019"
"80 y más","44,607","3,402","2,773","2,773","2,452","2,818","3,086","3,352","1,664","2,465","2,675","3,138","3,339","4,250","3,794","2,626","Hombre","2019"
"Total","1,630,679","128,629","82,766","101,964","125,083","101,189","100,645","127,879","119,173","88,391","90,518","100,326","114,344","128,362","124,337","97,073","Mujer","2019"
"0-4","99,761","8,026","3,305","5,633","9,471","5,313","5,455","8,706","11,457","5,916","5,357","5,577","6,888","6,848","6,229","5,580","Mujer","2019"
"5-9","98,235","7,381","3,217","5,492","9,685","5,255","5,292","8,771","11,107","6,160","5,568","6,132","6,669","6,395","5,563","5,548","Mujer","2019"
"10-14","97,797","7,425","3,209","5,559","9,960","5,305","4,918","8,775","11,017","6,139","5,790","5,922","6,347","6,145","5,536","5,750","Mujer","2019"
"15-19","93,172","7,376","4,409","5,484","8,970","5,104","4,722","7,893","9,807","5,621","5,125","5,493","5,818","5,930","6,211","5,209","Mujer","2019"
"20-24","98,468","9,417","7,255","6,923","7,851","5,652","5,035","7,703","8,501","4,757","4,795","4,832","5,520","6,563","8,375","5,289","Mujer","2019"
"25-29","108,977","10,568","7,021","7,481","8,056","7,005","6,341","7,954","7,780","5,010","5,094","5,566","6,995","8,287","9,528","6,291","Mujer","2019"
"30-34","121,309","10,044","6,044","7,717","9,069","8,048","7,851","8,970","8,097","5,758","6,062","6,857","9,102","10,113","9,967","7,610","Mujer","2019"
"35-39","117,829","9,528","5,045","7,524","8,757","7,703","7,736","8,707","8,057","6,137","6,281","7,153","8,862","9,994","9,130","7,215","Mujer","2019"
"40-44","114,806","9,107","4,998","7,201","8,756","7,217","7,239","8,866","7,941","6,263","6,407","7,430","8,156","9,308","8,797","7,120","Mujer","2019"
"45-49","103,896","8,099","4,824","6,591","7,683","6,521","6,631","7,995","6,686","5,667","6,096","6,777","7,570","8,291","7,828","6,637","Mujer","2019"
"50-54","88,733","6,799","4,441","5,511","6,342","5,720","5,989","6,945","5,000","4,669","5,287","5,849","6,571","7,298","6,821","5,491","Mujer","2019"
"55-59","86,668","6,554","4,759","5,475","5,866","5,727","5,821","6,508","4,568","4,552","5,128","5,772","6,235","7,367","7,047","5,289","Mujer","2019"
"60-64","86,367","6,380","5,054","5,484","5,497","5,684","5,897","6,344","4,500","4,454","4,849","5,653","6,366","7,697","7,268","5,240","Mujer","2019"
"65-69","80,234","5,826","4,814","5,110","5,133","5,315","5,367","5,811","4,102","4,345","4,515","5,188","5,840","7,279","6,839","4,750","Mujer","2019"
"70-74","72,710","5,031","4,386","4,588","4,568","4,755","4,973","5,364","3,768","4,031","4,313","4,838","5,389","6,272","6,088","4,346","Mujer","2019"
"75-79","60,399","4,105","3,352","3,853","3,721","3,872","4,003","4,603","2,977","3,543","3,728","4,159","4,582","5,336","4,909","3,656","Mujer","2019"
"80 y más","101,318","6,963","6,633","6,338","5,698","6,993","7,375","7,964","3,808","5,369","6,123","7,128","7,434","9,239","8,201","6,052","Mujer","2019"
"Total","1,444,545","127,651","66,707","91,310","114,957","86,312","84,790","113,923","109,653","82,856","80,065","89,756","100,392","107,991","102,784","85,398","Hombre","2020"
"0-4","105,015","8,886","3,660","6,213","10,058","5,612","5,614","9,325","11,680","6,266","5,523","5,784","7,073","7,343","6,271","5,707","Hombre","2020"
"5-9","103,973","8,022","3,462","6,087","10,066","5,751","5,428","9,150","11,389","6,736","6,028","6,400","6,863","6,773","5,803","6,015","Hombre","2020"
"10-14","102,081","8,023","3,396","6,016","10,394","5,518","5,073","9,043","11,153","6,831","5,587","6,476","6,562","6,564","5,625","5,820","Hombre","2020"
"15-19","97,651","8,121","4,079","5,802","9,338","5,415","4,902","8,377","9,885","6,022","5,546","5,881","6,257","6,376","5,952","5,698","Hombre","2020"
"20-24","96,245","10,182","5,946","6,790","7,960","5,537","4,795","7,587","8,197","5,020","4,735","5,123","5,628","6,170","7,277","5,298","Hombre","2020"
"25-29","104,083","11,163","6,041","7,434","7,926","6,544","5,755","7,724","7,777","5,078","4,998","5,664","6,520","7,204","8,277","5,978","Hombre","2020"
"30-34","113,301","11,068","5,259","7,774","8,258","7,361","6,953","8,220","7,548","5,728","5,691","6,537","8,300","8,675","8,819","7,110","Hombre","2020"
"35-39","111,570","10,202","4,586","7,272","8,392","6,945","7,030","8,472","7,557","6,135","5,943","6,891","8,245","8,943","8,144","6,813","Hombre","2020"
"40-44","108,302","9,710","4,287","7,130","8,564","6,714","6,527","8,163","7,530","6,303","5,874","6,868","7,706","8,435","7,932","6,559","Hombre","2020"
"45-49","96,849","8,594","4,087","6,182","7,103","5,936","6,002","7,323","6,189","5,466","5,689","6,498","7,148","7,586","6,931","6,115","Hombre","2020"
"50-54","78,818","7,140","3,506","4,798","5,664","4,916","5,100","5,985","4,623","4,520","4,819","5,479","5,855","6,048","5,619","4,746","Hombre","2020"
"55-59","71,332","6,203","3,521","4,537","5,136","4,371","4,703","5,396","3,843","4,094","4,306","4,757","5,142","5,533","5,398","4,392","Hombre","2020"
"60-64","67,020","5,662","3,708","3,977","4,373","4,094","4,440","5,014","3,318","3,875","4,098","4,524","4,982","5,632","5,246","4,077","Hombre","2020"
"65-69","58,266","4,820","3,482","3,437","3,692","3,520","3,812","4,324","2,905","3,294","3,324","3,985","4,402","5,054","4,851","3,364","Hombre","2020"
"70-74","48,705","3,772","2,829","2,893","3,200","2,973","3,107","3,668","2,531","2,831","2,965","3,213","3,612","4,257","3,988","2,866","Hombre","2020"
"75-79","36,206","2,624","2,059","2,162","2,349","2,255","2,428","2,757","1,837","2,162","2,237","2,508","2,720","3,103","2,817","2,188","Hombre","2020"
"80 y más","45,128","3,459","2,799","2,806","2,484","2,850","3,121","3,395","1,691","2,495","2,702","3,168","3,377","4,295","3,834","2,652","Hombre","2020"
"Total","1,631,101","128,754","82,723","101,966","125,143","101,206","100,666","127,938","119,300","88,408","90,527","100,320","114,385","128,367","124,331","97,067","Mujer","2020"
"0-4","98,992","7,975","3,278","5,588","9,403","5,271","5,410","8,640","11,387","5,867","5,311","5,527","6,833","6,790","6,179","5,533","Mujer","2020"
"5-9","98,227","7,389","3,215","5,490","9,690","5,253","5,288","8,771","11,126","6,156","5,563","6,124","6,666","6,391","5,561","5,544","Mujer","2020"
"10-14","96,854","7,362","3,176","5,505","9,870","5,252","4,868","8,691","10,931","6,076","5,729","5,857","6,284","6,081","5,481","5,691","Mujer","2020"
"15-19","94,528","7,493","4,470","5,562","9,106","5,176","4,788","8,009","9,968","5,700","5,195","5,567","5,901","6,012","6,299","5,282","Mujer","2020"
"20-24","96,843","9,273","7,131","6,808","7,726","5,558","4,949","7,575","8,376","4,676","4,712","4,747","5,428","6,451","8,234","5,199","Mujer","2020"
"25-29","107,870","10,474","6,946","7,404","7,979","6,932","6,274","7,875","7,715","4,957","5,038","5,502","6,923","8,198","9,429","6,224","Mujer","2020"
"30-34","118,974","9,864","5,924","7,568","8,900","7,891","7,696","8,799","7,956","5,645","5,941","6,718","8,925","9,913","9,774","7,460","Mujer","2020"
"35-39","117,515","9,515","5,028","7,503","8,739","7,681","7,713","8,686","8,051","6,118","6,259","7,127","8,837","9,962","9,104","7,192","Mujer","2020"
"40-44","115,246","9,156","5,014","7,228","8,796","7,243","7,263","8,901","7,987","6,284","6,427","7,450","8,185","9,339","8,829","7,144","Mujer","2020"
"45-49","106,457","8,310","4,940","6,753","7,878","6,681","6,791","8,194","6,865","5,804","6,242","6,937","7,754","8,491","8,020","6,797","Mujer","2020"
"50-54","90,209","6,922","4,512","5,602","6,453","5,814","6,086","7,063","5,094","4,744","5,371","5,940","6,679","7,416","6,934","5,579","Mujer","2020"
"55-59","86,011","6,516","4,722","5,433","5,825","5,683","5,774","6,460","4,542","4,515","5,085","5,723","6,187","7,307","6,993","5,246","Mujer","2020"
"60-64","86,245","6,379","5,044","5,476","5,493","5,676","5,887","6,337","4,503","4,446","4,839","5,640","6,356","7,683","7,256","5,230","Mujer","2020"
"65-69","80,469","5,851","4,826","5,125","5,153","5,330","5,381","5,830","4,122","4,356","4,525","5,198","5,856","7,297","6,858","4,761","Mujer","2020"
"70-74","73,307","5,079","4,419","4,626","4,609","4,793","5,012","5,409","3,806","4,062","4,345","4,873","5,433","6,321","6,138","4,382","Mujer","2020"
"75-79","61,295","4,172","3,400","3,910","3,779","3,929","4,060","4,673","3,027","3,595","3,781","4,216","4,650","5,412","4,982","3,709","Mujer","2020"
"80 y más","102,059","7,024","6,678","6,385","5,744","7,043","7,426","8,025","3,844","5,407","6,164","7,174","7,488","9,303","8,260","6,094","Mujer","2020"
"Total","1,447,495","128,410","66,672","91,457","115,260","86,453","84,942","114,217","110,169","83,027","80,145","89,789","100,594","108,098","102,841","85,421","Hombre","2021"
"0-4","104,126","8,848","3,618","6,158","9,982","5,561","5,561","9,250","11,624","6,210","5,465","5,719","7,008","7,268","6,207","5,647","Hombre","2021"
"5-9","103,592","8,027","3,439","6,063","10,039","5,726","5,403","9,120","11,390","6,710","5,994","6,359","6,834","6,736","5,771","5,981","Hombre","2021"
"10-14","101,471","8,009","3,366","5,979","10,341","5,481","5,037","8,992","11,130","6,787","5,542","6,420","6,519","6,513","5,582","5,773","Hombre","2021"
"15-19","99,403","8,302","4,141","5,904","9,515","5,509","4,986","8,532","10,100","6,127","5,634","5,971","6,365","6,480","6,048","5,789","Hombre","2021"
"20-24","95,498","10,145","5,883","6,736","7,907","5,491","4,754","7,532","8,164","4,979","4,689","5,070","5,582","6,112","7,208","5,246","Hombre","2021"
"25-29","103,150","11,111","5,971","7,367","7,863","6,481","5,699","7,659","7,737","5,031","4,944","5,599","6,458","7,128","8,189","5,913","Hombre","2021"
"30-34","110,846","10,876","5,131","7,606","8,089","7,198","6,797","8,047","7,414","5,602","5,558","6,380","8,117","8,474","8,615","6,942","Hombre","2021"
"35-39","111,684","10,258","4,578","7,280","8,411","6,949","7,032","8,486","7,595","6,140","5,938","6,881","8,250","8,939","8,140","6,807","Hombre","2021"
"40-44","108,450","9,766","4,282","7,139","8,586","6,721","6,532","8,179","7,570","6,310","5,871","6,860","7,714","8,433","7,931","6,556","Hombre","2021"
"45-49","99,170","8,839","4,174","6,330","7,283","6,076","6,142","7,504","6,363","5,596","5,816","6,638","7,317","7,756","7,086","6,250","Hombre","2021"
"50-54","81,174","7,387","3,602","4,942","5,841","5,061","5,248","6,168","4,780","4,654","4,955","5,630","6,028","6,220","5,779","4,879","Hombre","2021"
"55-59","71,425","6,240","3,517","4,543","5,149","4,375","4,705","5,408","3,864","4,099","4,305","4,753","5,147","5,532","5,398","4,390","Hombre","2021"
"60-64","67,011","5,688","3,699","3,977","4,377","4,093","4,437","5,018","3,331","3,874","4,091","4,513","4,980","5,624","5,239","4,070","Hombre","2021"
"65-69","58,758","4,883","3,503","3,467","3,728","3,549","3,843","4,364","2,942","3,322","3,347","4,010","4,438","5,090","4,886","3,386","Hombre","2021"
"70-74","49,130","3,823","2,846","2,919","3,232","2,998","3,132","3,704","2,565","2,855","2,986","3,234","3,643","4,289","4,018","2,886","Hombre","2021"
"75-79","36,842","2,683","2,090","2,200","2,394","2,294","2,470","2,808","1,878","2,201","2,273","2,547","2,767","3,153","2,862","2,222","Hombre","2021"
"80 y más","45,765","3,525","2,832","2,847","2,523","2,890","3,164","3,446","1,722","2,530","2,737","3,205","3,427","4,351","3,882","2,684","Hombre","2021"
"Total","1,631,341","128,825","82,699","101,968","125,177","101,217","100,678","127,971","119,372","88,417","90,532","100,316","114,408","128,370","124,327","97,064","Mujer","2021"
"0-4","98,150","7,915","3,248","5,540","9,328","5,224","5,361","8,566","11,309","5,814","5,261","5,474","6,772","6,729","6,125","5,484","Mujer","2021"
"5-9","97,858","7,369","3,201","5,469","9,659","5,232","5,266","8,738","11,102","6,130","5,537","6,094","6,639","6,362","5,539","5,521","Mujer","2021"
"10-14","96,149","7,316","3,151","5,463","9,803","5,213","4,830","8,627","10,868","6,029","5,683","5,809","6,236","6,034","5,440","5,647","Mujer","2021"
"15-19","95,896","7,609","4,533","5,643","9,243","5,250","4,854","8,125","10,128","5,779","5,266","5,641","5,984","6,096","6,389","5,356","Mujer","2021"
"20-24","95,623","9,165","7,040","6,721","7,632","5,486","4,884","7,481","8,284","4,615","4,649","4,682","5,358","6,366","8,129","5,131","Mujer","2021"
"25-29","106,478","10,348","6,853","7,308","7,881","6,842","6,190","7,774","7,628","4,891","4,969","5,427","6,832","8,088","9,306","6,141","Mujer","2021"
"30-34","116,252","9,649","5,786","7,395","8,702","7,709","7,517","8,599","7,787","5,513","5,800","6,558","8,719","9,682","9,549","7,287","Mujer","2021"
"35-39","117,581","9,531","5,029","7,507","8,750","7,685","7,713","8,691","8,069","6,118","6,258","7,124","8,840","9,963","9,109","7,194","Mujer","2021"
"40-44","115,282","9,167","5,014","7,230","8,804","7,244","7,262","8,904","8,003","6,284","6,424","7,446","8,186","9,338","8,832","7,144","Mujer","2021"
"45-49","108,493","8,478","5,032","6,882","8,034","6,808","6,918","8,351","7,008","5,913","6,357","7,063","7,902","8,649","8,173","6,925","Mujer","2021"
"50-54","92,453","7,102","4,623","5,742","6,618","5,958","6,235","7,239","5,229","4,861","5,501","6,082","6,844","7,597","7,106","5,716","Mujer","2021"
"55-59","85,570","6,490","4,695","5,406","5,799","5,653","5,742","6,428","4,526","4,491","5,056","5,688","6,154","7,267","6,957","5,218","Mujer","2021"
"60-64","85,773","6,351","5,015","5,446","5,467","5,644","5,852","6,304","4,486","4,420","4,809","5,604","6,320","7,638","7,217","5,200","Mujer","2021"
"65-69","80,830","5,884","4,846","5,149","5,179","5,353","5,402","5,857","4,148","4,374","4,542","5,217","5,882","7,327","6,888","4,782","Mujer","2021"
"70-74","73,736","5,114","4,444","4,653","4,639","4,821","5,039","5,443","3,835","4,085","4,368","4,897","5,464","6,355","6,174","4,405","Mujer","2021"
"75-79","62,195","4,238","3,449","3,968","3,837","3,986","4,118","4,742","3,077","3,647","3,834","4,274","4,717","5,490","5,055","3,763","Mujer","2021"
"80 y más","103,022","7,099","6,740","6,446","5,802","7,109","7,495","8,102","3,885","5,453","6,218","7,236","7,559","9,389","8,339","6,150","Mujer","2021"
"Total","1,450,179","129,100","66,641","91,590","115,535","86,582","85,081","114,485","110,639","83,182","80,217","89,819","100,778","108,195","102,892","85,443","Hombre","2022"
"0-4","103,172","8,800","3,575","6,100","9,900","5,506","5,504","9,169","11,559","6,150","5,404","5,652","6,940","7,189","6,140","5,584","Hombre","2022"
"5-9","103,075","8,015","3,412","6,032","9,999","5,694","5,371","9,079","11,375","6,672","5,953","6,312","6,796","6,692","5,733","5,940","Hombre","2022"
"10-14","100,958","7,999","3,339","5,947","10,299","5,450","5,007","8,950","11,114","6,751","5,504","6,371","6,482","6,469","5,544","5,732","Hombre","2022"
"15-19","100,887","8,458","4,191","5,992","9,666","5,588","5,056","8,663","10,289","6,216","5,708","6,045","6,457","6,566","6,128","5,864","Hombre","2022"
"20-24","95,190","10,153","5,848","6,713","7,889","5,470","4,734","7,511","8,168","4,962","4,665","5,041","5,561","6,083","7,173","5,219","Hombre","2022"
"25-29","102,083","11,039","5,893","7,292","7,790","6,411","5,635","7,584","7,686","4,977","4,884","5,527","6,389","7,043","8,092","5,841","Hombre","2022"
"30-34","108,103","10,650","4,991","7,417","7,898","7,018","6,626","7,852","7,258","5,462","5,411","6,207","7,913","8,252","8,389","6,759","Hombre","2022"
"35-39","112,052","10,333","4,582","7,304","8,448","6,969","7,050","8,519","7,649","6,159","5,948","6,888","8,274","8,956","8,155","6,818","Hombre","2022"
"40-44","108,142","9,778","4,259","7,119","8,572","6,699","6,508","8,160","7,577","6,290","5,845","6,825","7,689","8,398","7,897","6,526","Hombre","2022"
"45-49","101,106","9,048","4,245","6,454","7,434","6,192","6,258","7,655","6,513","5,705","5,919","6,753","7,458","7,896","7,214","6,362","Hombre","2022"
"50-54","84,138","7,687","3,724","5,122","6,062","5,244","5,437","6,398","4,974","4,824","5,127","5,822","6,247","6,439","5,982","5,049","Hombre","2022"
"55-59","71,654","6,287","3,520","4,558","5,172","4,388","4,718","5,429","3,892","4,111","4,312","4,757","5,162","5,543","5,408","4,397","Hombre","2022"
"60-64","66,816","5,695","3,679","3,966","4,370","4,080","4,422","5,007","3,335","3,863","4,073","4,491","4,965","5,601","5,217","4,052","Hombre","2022"
"65-69","59,348","4,954","3,530","3,502","3,771","3,584","3,879","4,412","2,983","3,355","3,375","4,042","4,482","5,135","4,929","3,415","Hombre","2022"
"70-74","49,474","3,866","2,860","2,940","3,259","3,019","3,152","3,733","2,592","2,875","3,003","3,250","3,668","4,314","4,041","2,902","Hombre","2022"
"75-79","37,483","2,742","2,122","2,239","2,439","2,334","2,511","2,859","1,918","2,239","2,309","2,585","2,815","3,204","2,909","2,258","Hombre","2022"
"80 y más","46,498","3,596","2,871","2,893","2,567","2,936","3,213","3,505","1,757","2,571","2,777","3,251","3,480","4,415","3,941","2,725","Hombre","2022"
"Total","1,631,371","128,834","82,696","101,970","125,181","101,218","100,679","127,975","119,379","88,418","90,533","100,316","114,411","128,371","124,327","97,063","Mujer","2022"
"0-4","97,246","7,847","3,218","5,489","9,246","5,175","5,309","8,486","11,219","5,758","5,208","5,419","6,708","6,664","6,068","5,432","Mujer","2022"
"5-9","97,358","7,335","3,184","5,441","9,614","5,205","5,236","8,693","11,059","6,096","5,504","6,058","6,603","6,328","5,511","5,491","Mujer","2022"
"10-14","95,585","7,277","3,132","5,432","9,750","5,181","4,799","8,576","10,818","5,991","5,645","5,770","6,197","5,996","5,408","5,613","Mujer","2022"
"15-19","97,059","7,706","4,587","5,711","9,358","5,312","4,911","8,223","10,264","5,847","5,326","5,705","6,055","6,167","6,467","5,420","Mujer","2022"
"20-24","94,828","9,095","6,978","6,665","7,573","5,440","4,841","7,418","8,225","4,575","4,607","4,639","5,312","6,311","8,062","5,087","Mujer","2022"
"25-29","104,947","10,208","6,753","7,203","7,772","6,742","6,098","7,662","7,528","4,818","4,894","5,344","6,732","7,969","9,172","6,052","Mujer","2022"
"30-34","113,124","9,395","5,630","7,197","8,473","7,500","7,311","8,367","7,588","5,363","5,641","6,376","8,482","9,418","9,293","7,090","Mujer","2022"
"35-39","117,920","9,565","5,043","7,530","8,780","7,706","7,732","8,716","8,101","6,134","6,272","7,139","8,864","9,989","9,136","7,213","Mujer","2022"
"40-44","114,935","9,146","4,998","7,209","8,783","7,222","7,237","8,877","7,989","6,261","6,401","7,418","8,160","9,307","8,806","7,121","Mujer","2022"
"45-49","110,110","8,610","5,107","6,986","8,158","6,908","7,018","8,476","7,122","5,999","6,447","7,163","8,018","8,775","8,295","7,028","Mujer","2022"
"50-54","95,327","7,329","4,766","5,921","6,827","6,142","6,426","7,464","5,399","5,010","5,668","6,267","7,056","7,831","7,328","5,893","Mujer","2022"
"55-59","85,341","6,477","4,682","5,392","5,787","5,637","5,724","6,411","4,521","4,477","5,039","5,669","6,137","7,245","6,939","5,204","Mujer","2022"
"60-64","85,023","6,300","4,971","5,399","5,423","5,594","5,799","6,249","4,453","4,380","4,764","5,551","6,262","7,569","7,155","5,154","Mujer","2022"
"65-69","81,281","5,921","4,873","5,178","5,211","5,383","5,430","5,890","4,177","4,397","4,565","5,241","5,914","7,366","6,927","4,808","Mujer","2022"
"70-74","74,004","5,135","4,460","4,671","4,659","4,838","5,056","5,462","3,855","4,098","4,381","4,912","5,483","6,377","6,197","4,420","Mujer","2022"
"75-79","63,094","4,302","3,499","4,026","3,895","4,044","4,176","4,811","3,125","3,698","3,886","4,333","4,785","5,568","5,129","3,817","Mujer","2022"
"80 y más","104,189","7,186","6,815","6,520","5,872","7,189","7,576","8,194","3,936","5,516","6,285","7,312","7,643","9,491","8,434","6,220","Mujer","2022"
"Total","1,452,588","129,720","66,613","91,710","115,782","86,697","85,205","114,725","111,061","83,322","80,282","89,846","100,943","108,282","102,938","85,462","Hombre","2023"
"0-4","102,170","8,742","3,530","6,039","9,813","5,449","5,446","9,083","11,487","6,087","5,342","5,584","6,869","7,109","6,070","5,520","Hombre","2023"
"5-9","102,437","7,994","3,382","5,993","9,947","5,655","5,332","9,026","11,344","6,629","5,905","6,258","6,751","6,640","5,688","5,893","Hombre","2023"
"10-14","100,599","7,996","3,318","5,924","10,272","5,427","4,985","8,922","11,114","6,724","5,475","6,334","6,455","6,436","5,515","5,702","Hombre","2023"
"15-19","101,410","8,530","4,201","6,021","9,727","5,614","5,078","8,711","10,379","6,247","5,728","6,062","6,487","6,590","6,150","5,885","Hombre","2023"
"20-24","95,929","10,265","5,877","6,764","7,959","5,510","4,767","7,573","8,261","4,999","4,693","5,069","5,602","6,121","7,218","5,251","Hombre","2023"
"25-29","100,876","10,946","5,806","7,203","7,707","6,333","5,564","7,498","7,623","4,918","4,819","5,450","6,311","6,951","7,984","5,763","Hombre","2023"
"30-34","105,502","10,430","4,858","7,239","7,717","6,846","6,460","7,669","7,110","5,330","5,273","6,045","7,720","8,043","8,175","6,587","Hombre","2023"
"35-39","112,174","10,381","4,574","7,312","8,468","6,974","7,052","8,534","7,686","6,165","5,945","6,881","8,281","8,953","8,152","6,816","Hombre","2023"
"40-44","107,590","9,761","4,225","7,082","8,538","6,662","6,471","8,124","7,567","6,258","5,806","6,776","7,648","8,344","7,845","6,483","Hombre","2023"
"45-49","102,610","9,215","4,297","6,550","7,554","6,282","6,346","7,774","6,635","5,789","5,999","6,839","7,567","8,004","7,312","6,447","Hombre","2023"
"50-54","87,410","8,015","3,859","5,322","6,306","5,446","5,645","6,651","5,187","5,011","5,319","6,036","6,488","6,681","6,206","5,238","Hombre","2023"
"55-59","72,178","6,355","3,537","4,592","5,217","4,419","4,750","5,472","3,936","4,141","4,337","4,783","5,199","5,577","5,440","4,423","Hombre","2023"
"60-64","66,550","5,693","3,656","3,951","4,359","4,063","4,402","4,991","3,335","3,848","4,052","4,464","4,944","5,573","5,189","4,030","Hombre","2023"
"65-69","59,944","5,021","3,556","3,538","3,814","3,619","3,916","4,460","3,025","3,389","3,405","4,075","4,528","5,181","4,972","3,445","Hombre","2023"
"70-74","49,775","3,904","2,870","2,958","3,284","3,037","3,170","3,758","2,618","2,893","3,017","3,263","3,690","4,335","4,062","2,916","Hombre","2023"
"75-79","38,099","2,796","2,151","2,276","2,483","2,372","2,551","2,908","1,958","2,276","2,344","2,623","2,861","3,254","2,953","2,293","Hombre","2023"
"80 y más","47,335","3,676","2,916","2,946","2,617","2,989","3,270","3,571","1,796","2,618","2,823","3,304","3,542","4,490","4,007","2,770","Hombre","2023"
"Total","1,631,182","128,777","82,715","101,972","125,155","101,210","100,670","127,949","119,319","88,411","90,529","100,319","114,392","128,368","124,330","97,066","Mujer","2023"
"0-4","96,295","7,772","3,185","5,436","9,160","5,123","5,254","8,402","11,121","5,700","5,154","5,363","6,640","6,597","6,009","5,379","Mujer","2023"
"5-9","96,747","7,290","3,164","5,408","9,558","5,171","5,201","8,637","11,001","6,056","5,466","6,016","6,560","6,286","5,476","5,457","Mujer","2023"
"10-14","95,222","7,251","3,119","5,412","9,718","5,161","4,778","8,542","10,788","5,966","5,620","5,744","6,172","5,971","5,388","5,592","Mujer","2023"
"15-19","97,339","7,729","4,600","5,728","9,391","5,327","4,922","8,245","10,304","5,862","5,338","5,718","6,071","6,183","6,486","5,435","Mujer","2023"
"20-24","95,043","9,118","6,993","6,681","7,594","5,451","4,850","7,434","8,252","4,584","4,614","4,647","5,322","6,323","8,081","5,099","Mujer","2023"
"25-29","103,278","10,048","6,645","7,089","7,652","6,634","5,998","7,539","7,416","4,741","4,813","5,257","6,623","7,840","9,027","5,956","Mujer","2023"
"30-34","110,053","9,142","5,476","7,002","8,247","7,296","7,110","8,139","7,390","5,216","5,484","6,200","8,250","9,161","9,042","6,898","Mujer","2023"
"35-39","118,000","9,573","5,046","7,535","8,791","7,710","7,734","8,721","8,117","6,137","6,273","7,140","8,868","9,993","9,143","7,219","Mujer","2023"
"40-44","114,388","9,104","4,974","7,175","8,746","7,186","7,200","8,834","7,960","6,231","6,366","7,378","8,121","9,260","8,765","7,088","Mujer","2023"
"45-49","111,291","8,705","5,161","7,062","8,250","6,982","7,091","8,566","7,206","6,062","6,513","7,236","8,102","8,867","8,385","7,103","Mujer","2023"
"50-54","98,505","7,574","4,925","6,120","7,059","6,345","6,638","7,713","5,585","5,176","5,854","6,472","7,290","8,091","7,573","6,090","Mujer","2023"
"55-59","85,492","6,490","4,690","5,402","5,801","5,647","5,732","6,422","4,534","4,484","5,045","5,676","6,146","7,258","6,952","5,213","Mujer","2023"
"60-64","84,145","6,237","4,919","5,345","5,370","5,536","5,737","6,184","4,409","4,334","4,712","5,491","6,198","7,489","7,082","5,102","Mujer","2023"
"65-69","81,699","5,953","4,897","5,206","5,241","5,410","5,456","5,920","4,203","4,419","4,586","5,266","5,943","7,402","6,964","4,833","Mujer","2023"
"70-74","74,193","5,151","4,471","4,684","4,674","4,850","5,067","5,475","3,869","4,108","4,390","4,921","5,496","6,392","6,213","4,432","Mujer","2023"
"75-79","63,937","4,359","3,545","4,080","3,950","4,098","4,231","4,875","3,171","3,747","3,937","4,389","4,848","5,641","5,198","3,868","Mujer","2023"
"80 y más","105,555","7,281","6,905","6,607","5,953","7,283","7,671","8,301","3,993","5,588","6,364","7,405","7,742","9,614","8,546","6,302","Mujer","2023"
"Total","1,454,716","130,266","66,588","91,816","116,001","86,799","85,315","114,937","111,433","83,445","80,339","89,870","101,089","108,360","102,979","85,479","Hombre","2024"
"0-4","101,130","8,676","3,483","5,976","9,723","5,390","5,385","8,993","11,409","6,025","5,279","5,515","6,796","7,026","5,998","5,456","Hombre","2024"
"5-9","101,700","7,958","3,348","5,948","9,885","5,611","5,289","8,964","11,301","6,579","5,854","6,200","6,699","6,584","5,638","5,842","Hombre","2024"
"10-14","100,390","8,001","3,301","5,909","10,262","5,413","4,970","8,907","11,128","6,707","5,454","6,308","6,439","6,414","5,495","5,682","Hombre","2024"
"15-19","101,138","8,531","4,177","6,004","9,711","5,596","5,059","8,691","10,387","6,229","5,704","6,034","6,467","6,564","6,124","5,860","Hombre","2024"
"20-24","97,411","10,453","5,950","6,867","8,091","5,593","4,837","7,694","8,418","5,075","4,759","5,137","5,686","6,208","7,318","5,325","Hombre","2024"
"25-29","99,642","10,843","5,720","7,113","7,622","6,253","5,492","7,411","7,556","4,857","4,753","5,373","6,232","6,857","7,875","5,685","Hombre","2024"
"30-34","103,598","10,271","4,757","7,107","7,588","6,720","6,339","7,534","7,008","5,234","5,171","5,925","7,579","7,889","8,016","6,460","Hombre","2024"
"35-39","111,366","10,336","4,529","7,258","8,418","6,921","6,997","8,478","7,659","6,120","5,894","6,819","8,219","8,879","8,081","6,758","Hombre","2024"
"40-44","107,087","9,744","4,196","7,048","8,509","6,628","6,436","8,091","7,559","6,228","5,771","6,731","7,610","8,295","7,797","6,444","Hombre","2024"
"45-49","103,674","9,339","4,329","6,617","7,642","6,345","6,408","7,860","6,729","5,849","6,053","6,898","7,644","8,078","7,377","6,506","Hombre","2024"
"50-54","90,575","8,330","3,987","5,514","6,542","5,642","5,846","6,897","5,395","5,193","5,505","6,244","6,722","6,915","6,422","5,421","Hombre","2024"
"55-59","73,205","6,465","3,577","4,657","5,298","4,480","4,815","5,554","4,007","4,201","4,394","4,843","5,273","5,650","5,510","4,481","Hombre","2024"
"60-64","66,347","5,694","3,635","3,939","4,352","4,050","4,386","4,980","3,337","3,837","4,035","4,443","4,929","5,550","5,167","4,013","Hombre","2024"
"65-69","60,420","5,077","3,575","3,566","3,850","3,647","3,947","4,499","3,061","3,417","3,428","4,100","4,563","5,217","5,005","3,468","Hombre","2024"
"70-74","50,105","3,942","2,881","2,978","3,311","3,056","3,189","3,786","2,646","2,913","3,034","3,279","3,715","4,361","4,082","2,932","Hombre","2024"
"75-79","38,669","2,847","2,178","2,311","2,524","2,407","2,588","2,954","1,995","2,311","2,376","2,658","2,904","3,299","2,993","2,324","Hombre","2024"
"80 y más","48,259","3,759","2,965","3,004","2,673","3,047","3,332","3,644","1,838","2,670","2,875","3,363","3,612","4,574","4,081","2,822","Hombre","2024"
"Total","1,630,767","128,656","82,757","101,974","125,095","101,192","100,649","127,891","119,190","88,394","90,520","100,325","114,353","128,363","124,336","97,072","Mujer","2024"
"0-4","95,310","7,690","3,153","5,381","9,071","5,070","5,198","8,314","11,015","5,641","5,099","5,306","6,571","6,528","5,948","5,325","Mujer","2024"
"5-9","96,044","7,235","3,141","5,369","9,494","5,132","5,161","8,572","10,929","6,011","5,424","5,971","6,511","6,239","5,437","5,418","Mujer","2024"
"10-14","95,056","7,236","3,114","5,403","9,706","5,151","4,768","8,525","10,777","5,955","5,607","5,732","6,160","5,960","5,379","5,583","Mujer","2024"
"15-19","96,827","7,685","4,575","5,699","9,347","5,298","4,894","8,200","10,257","5,831","5,307","5,686","6,038","6,150","6,452","5,408","Mujer","2024"
"20-24","96,051","9,211","7,066","6,753","7,678","5,508","4,902","7,511","8,346","4,632","4,661","4,695","5,378","6,389","8,167","5,154","Mujer","2024"
"25-29","101,570","9,878","6,535","6,974","7,530","6,523","5,896","7,413","7,299","4,662","4,732","5,168","6,512","7,710","8,879","5,859","Mujer","2024"
"30-34","107,663","8,942","5,357","6,851","8,073","7,137","6,952","7,961","7,235","5,103","5,363","6,063","8,070","8,961","8,846","6,749","Mujer","2024"
"35-39","117,090","9,497","5,007","7,479","8,728","7,650","7,671","8,652","8,061","6,089","6,222","7,083","8,798","9,915","9,073","7,165","Mujer","2024"
"40-44","113,875","9,061","4,951","7,145","8,711","7,153","7,164","8,793","7,931","6,205","6,335","7,343","8,081","9,218","8,726","7,058","Mujer","2024"
"45-49","112,085","8,765","5,198","7,114","8,314","7,031","7,138","8,625","7,263","6,105","6,556","7,285","8,159","8,930","8,446","7,156","Mujer","2024"
"50-54","101,532","7,805","5,076","6,309","7,280","6,541","6,839","7,948","5,762","5,335","6,031","6,669","7,513","8,338","7,807","6,279","Mujer","2024"
"55-59","86,239","6,545","4,731","5,451","5,855","5,695","5,780","6,477","4,577","4,523","5,087","5,725","6,199","7,319","7,015","5,260","Mujer","2024"
"60-64","83,321","6,174","4,870","5,293","5,320","5,481","5,678","6,122","4,373","4,291","4,664","5,436","6,136","7,415","7,013","5,055","Mujer","2024"
"65-69","81,919","5,968","4,910","5,221","5,257","5,424","5,469","5,935","4,218","4,431","4,596","5,279","5,958","7,422","6,984","4,847","Mujer","2024"
"70-74","74,391","5,164","4,483","4,697","4,689","4,863","5,078","5,489","3,882","4,119","4,400","4,933","5,510","6,408","6,231","4,445","Mujer","2024"
"75-79","64,680","4,411","3,584","4,129","3,998","4,145","4,278","4,931","3,210","3,791","3,981","4,439","4,904","5,706","5,259","3,914","Mujer","2024"
"80 y más","107,114","7,389","7,006","6,706","6,044","7,390","7,783","8,423","4,055","5,670","6,455","7,512","7,855","9,755","8,674","6,397","Mujer","2024"
"Total","1,456,560","130,742","66,567","91,907","116,190","86,888","85,410","115,120","111,756","83,552","80,389","89,891","101,215","108,426","103,014","85,493","Hombre","2025"
"0-4","100,070","8,605","3,437","5,910","9,631","5,330","5,324","8,902","11,326","5,960","5,217","5,447","6,721","6,944","5,925","5,391","Hombre","2025"
"5-9","100,874","7,911","3,310","5,897","9,816","5,562","5,242","8,895","11,246","6,525","5,799","6,139","6,642","6,522","5,582","5,786","Hombre","2025"
"10-14","100,269","8,009","3,287","5,900","10,260","5,403","4,959","8,899","11,152","6,699","5,440","6,288","6,429","6,398","5,479","5,667","Hombre","2025"
"15-19","100,405","8,488","4,135","5,957","9,651","5,552","5,018","8,635","10,347","6,183","5,655","5,979","6,418","6,508","6,069","5,810","Hombre","2025"
"20-24","99,148","10,665","6,039","6,987","8,245","5,689","4,919","7,835","8,598","5,166","4,838","5,220","5,786","6,311","7,437","5,413","Hombre","2025"
"25-29","98,441","10,738","5,635","7,026","7,539","6,175","5,423","7,325","7,491","4,799","4,690","5,300","6,155","6,767","7,768","5,610","Hombre","2025"
"30-34","102,907","10,230","4,712","7,058","7,547","6,673","6,293","7,488","6,985","5,200","5,130","5,876","7,527","7,828","7,951","6,409","Hombre","2025"
"35-39","109,198","10,160","4,428","7,116","8,264","6,784","6,856","8,318","7,536","6,001","5,773","6,676","8,058","8,697","7,912","6,619","Hombre","2025"
"40-44","106,803","9,742","4,171","7,028","8,499","6,608","6,414","8,074","7,566","6,212","5,749","6,703","7,588","8,264","7,765","6,420","Hombre","2025"
"45-49","104,307","9,419","4,344","6,657","7,699","6,382","6,443","7,913","6,794","5,886","6,083","6,929","7,689","8,119","7,412","6,538","Hombre","2025"
"50-54","93,332","8,605","4,098","5,681","6,751","5,811","6,020","7,111","5,580","5,352","5,666","6,424","6,926","7,119","6,608","5,580","Hombre","2025"
"55-59","74,832","6,625","3,647","4,760","5,423","4,579","4,919","5,682","4,111","4,295","4,487","4,943","5,389","5,771","5,625","4,576","Hombre","2025"
"60-64","66,338","5,708","3,625","3,939","4,357","4,048","4,384","4,983","3,349","3,837","4,030","4,436","4,928","5,545","5,160","4,009","Hombre","2025"
"65-69","60,688","5,113","3,582","3,582","3,873","3,663","3,961","4,522","3,086","3,433","3,440","4,113","4,583","5,236","5,021","3,480","Hombre","2025"
"70-74","50,500","3,983","2,897","3,001","3,342","3,080","3,213","3,819","2,676","2,936","3,055","3,301","3,744","4,391","4,109","2,953","Hombre","2025"
"75-79","39,188","2,893","2,201","2,342","2,561","2,439","2,622","2,996","2,029","2,342","2,406","2,690","2,943","3,341","3,030","2,353","Hombre","2025"
"80 y más","49,260","3,848","3,019","3,066","2,732","3,110","3,400","3,723","1,884","2,726","2,931","3,427","3,689","4,665","4,161","2,879","Hombre","2025"
"Total","1,630,120","128,463","82,822","101,977","125,003","101,165","100,618","127,801","118,989","88,369","90,507","100,334","114,290","128,355","124,346","97,081","Mujer","2025"
"0-4","94,309","7,604","3,119","5,326","8,980","5,016","5,142","8,224","10,904","5,582","5,044","5,250","6,501","6,459","5,887","5,271","Mujer","2025"
"5-9","95,251","7,170","3,115","5,326","9,420","5,089","5,116","8,499","10,844","5,962","5,378","5,921","6,456","6,187","5,393","5,375","Mujer","2025"
"10-14","95,025","7,228","3,113","5,403","9,708","5,148","4,765","8,520","10,778","5,954","5,604","5,730","6,155","5,958","5,378","5,583","Mujer","2025"
"15-19","95,857","7,606","4,529","5,643","9,257","5,244","4,843","8,115","10,159","5,773","5,252","5,628","5,976","6,088","6,388","5,356","Mujer","2025"
"20-24","97,354","9,329","7,162","6,848","7,786","5,582","4,964","7,611","8,464","4,696","4,723","4,758","5,450","6,476","8,279","5,226","Mujer","2025"
"25-29","99,893","9,708","6,427","6,861","7,409","6,415","5,797","7,288","7,182","4,586","4,652","5,083","6,404","7,582","8,734","5,765","Mujer","2025"
"30-34","106,517","8,840","5,300","6,781","7,992","7,060","6,876","7,874","7,161","5,049","5,304","5,999","7,982","8,865","8,754","6,680","Mujer","2025"
"35-39","114,733","9,299","4,906","7,331","8,556","7,496","7,514","8,476","7,902","5,968","6,095","6,940","8,619","9,715","8,892","7,024","Mujer","2025"
"40-44","113,546","9,029","4,937","7,126","8,691","7,132","7,141","8,765","7,913","6,186","6,315","7,321","8,056","9,191","8,703","7,040","Mujer","2025"
"45-49","112,517","8,792","5,218","7,143","8,350","7,057","7,163","8,656","7,295","6,130","6,580","7,313","8,189","8,964","8,480","7,187","Mujer","2025"
"50-54","104,068","7,994","5,203","6,469","7,466","6,704","7,007","8,145","5,909","5,469","6,180","6,836","7,699","8,547","8,001","6,439","Mujer","2025"
"55-59","87,707","6,652","4,812","5,545","5,958","5,792","5,877","6,585","4,657","4,602","5,172","5,821","6,303","7,444","7,135","5,352","Mujer","2025"
"60-64","82,705","6,125","4,835","5,256","5,284","5,440","5,634","6,075","4,342","4,260","4,628","5,395","6,090","7,360","6,963","5,018","Mujer","2025"
"65-69","81,838","5,958","4,906","5,217","5,255","5,418","5,461","5,927","4,216","4,427","4,591","5,274","5,951","7,414","6,978","4,845","Mujer","2025"
"70-74","74,659","5,178","4,499","4,716","4,708","4,879","5,095","5,508","3,898","4,135","4,414","4,951","5,529","6,431","6,255","4,463","Mujer","2025"
"75-79","65,288","4,448","3,620","4,169","4,038","4,183","4,317","4,976","3,242","3,827","4,017","4,480","4,949","5,760","5,309","3,953","Mujer","2025"
"80 y más","108,853","7,503","7,121","6,817","6,145","7,510","7,906","8,557","4,123","5,763","6,558","7,634","7,981","9,914","8,817","6,504","Mujer","2025"
